<?xml version="1.0" encoding="UTF-8"?>
<templates id="template" xml:space="preserve">
    <t t-name="website.Twitter.Scroller.Custom">
       <div class="oe_snippet_twitter  wrap-row master_background" contenteditable="false">
            <div class="container">
              <div class="row twitter-row d-table w-100 m-0">
                  <div class="st_title post" data-vp-add-class="visible animated zoomIn" data-vp-remove-class="hidebefore" data-vp-add-class-full-view="full-visible" data-vp-repeat="false" data-vp-offset="100">
                      <div class="st-heading-a">
                          <img class="st-tweet-img" src="/sync_uppercrust_twitter/static/src/img/icon-tw-a.png"/>
                          <h3 class="text-center">Latest from<span class="strong"> Twitter</span></h3>
                      </div>
                      <hr/>
                  </div>
                  <div class="twitter-scroller mt-3">
                      <div id="scroller1">
                        <div id="myCarousel" class="carousel carousel_twitter slide mb32 post w-100 d-flex justify-content-center align-item-center s_carousel_default" data-vp-add-class="visible animated zoomIn" data-vp-remove-class="hidebefore" data-vp-add-class-full-view="full-visible" data-vp-repeat="false" data-vp-offset="100">
                            <div class="carousel-inner w-70">
                                <t t-foreach="tweets" t-as="tweet">
                                  <div t-attf-class="carousel-item item st-tweet #{(!tweet.sequence) ? 'active': ''}">
                                    <div class="container">
                                        <div class="row content">
                                          <div class="carousel-img col-md-4">
                                                <img class="tweet_img" t-att-src="tweet.user.profile_image_url"/>
                                            </div>
                                            <div class="carousel-content col-md-6 col-sm-12">
                                              <div class="text">
                                                <h4><span class="strong"><t t-esc="tweet.user.name"/></span><span class="small"><a t-att-href="'https://twitter.com/' + tweet.user.screen_name" target="_blank"><t t-esc="'@' + tweet.user.screen_name "/></a></span></h4>
                                                <a class="date" target="_blank" t-attf-href="http://twitter.com/#{tweet.user.screen_name}/status/#{tweet.id_str}"><t t-esc="tweet.created_at"/></a>
                                                <p><t t-raw="tweet.text"/></p>
                                              </div>
                                            </div>
                                        </div>
                                    </div>
                                  </div>
                                </t>
                            </div>
                            <div class="carousel-control carousel-control-prev left w-15" data-target="#myCarousel" data-slide="prev"><i class="fa fa-arrow-circle-o-left"></i></div>
                            <div class="carousel-control carousel-control-next right w-15" data-target="#myCarousel" data-slide="next"><i class="fa fa-arrow-circle-o-right"></i></div>
                          </div>
                      </div>
                  </div>
              </div>
          </div>
        </div>
    </t>
    <t t-name="website.Twitter.Error">
        <div class="container" contenteditable="false">
            <div class="alert alert-warning" role="alert">
                <t t-esc="data.error"/>
                <t t-if='!data.nodata'>
                    <a class="lnk_configure" href="/web#action=website.action_website_configuration"><i class="fa fa-plus-circle"/> Twitter Configuration</a>
                </t>
            </div>
        </div>
    </t>
</templates>
